{ "displayFieldName": "Shem_tachana", "fieldAliases": 
    { 
    "tachana_id": "מספר תחנה",
     "Shem_tachana": "שם תחנה",
      "free_bikes": "אופניים זמינים",
       "free_amudim": "עמודים פנויים",
        "Teur_tachana": "תאור תחנה",
         "oid_thana": "מזהה ממג", "x": "x", "y": "y", "date_import": "תאריך טעינה", "tr_idkun": "תאריך עדכון" },
          "geometryType": "esriGeometryPoint",
           "spatialReference": { "wkid": 4326, "latestWkid": 4326 },
            "fields": [ { "name": "tachana_id", "type": "esriFieldTypeInteger",
                 "alias": "מספר תחנה" }, { "name": "Shem_tachana", "type": "esriFieldTypeString",
                     "alias": "שם תחנה", "length": 255 }, { "name": "free_bikes", "type": "esriFieldTypeInteger",
                         "alias": "אופניים זמינים" },
                          { "name": "free_amudim", "type": "esriFieldTypeInteger", "alias": "עמודים פנויים" },
                           { "name": "Teur_tachana", "type": "esriFieldTypeString", "alias": "תאור תחנה", "length": 255 },
                            { "name": "oid_thana", "type": "esriFieldTypeOID", "alias": "מזהה ממג" },
                             { "name": "x", "type": "esriFieldTypeDouble", "alias": "x" },
                              { "name": "y", "type": "esriFieldTypeDouble", "alias": "y" }, 
                              { "name": "date_import", "type": "esriFieldTypeString", "alias": "תאריך טעינה", "length": 255 },
                               { "name": "tr_idkun", "type": "esriFieldTypeDate", "alias": "תאריך עדכון", "length": 8 } ], 
                               "features": [ { "attributes": { "tachana_id": 348, "Shem_tachana": "שדרות בן ציון 1",
                                 "free_bikes": null, "free_amudim": null, "Teur_tachana": "שדרות בן ציון 1",
                                  "oid_thana": 1, "x": 178975.47, "y": 664604.90000000002, 
                                  "date_import": "22/01/2019 01:25:05", "tr_idkun": 1489536059000 }, 
                                  "geometry": { "x": 34.775699964680335, "y": 32.074000110012811 } }, 
                                  { "attributes": { "tachana_id": 352, "Shem_tachana": "גינדי תל אביב",
                                     "free_bikes": null, "free_amudim": null,
                                      "Teur_tachana": "חשמונאים 121 - תל אביב",
                                       "oid_thana": 2, "x": 180040.26999999999, "y": 664046.42000000004, "date_import": "22/01/2019 01:25:05", "tr_idkun": 1489536059000 }, "geometry": { "x": 34.787000009826734, "y": 32.069001523787811 } }, { "attributes": { "tachana_id": 353, "Shem_tachana": "מתחם גבעון", "free_bikes": null, "free_amudim": null, "Teur_tachana": "הארבעה ליאונרדו - תל אביב", "oid_thana": 3, "x": 179851.85000000001, "y": 664158.02000000002, "date_import": "22/01/2019 01:25:05", "tr_idkun": 1489536059000 }, "geometry": { "x": 34.784999991299237, "y": 32.070001317424584 } }, { "attributes": { "tachana_id": 354, "Shem_tachana": "בן יהודה 1", "free_bikes": null, "free_amudim": null, "Teur_tachana": "בן יהודה 1 - כיכר מוגרבי", "oid_thana": 4, "x": 178276.37, "y": 664507.73999999999, "date_import": "22/01/2019 01:25:05", "tr_idkun": 1489536059000 }, "geometry": { "x": 34.768300052981502, "y": 32.073098683437195 } }, { "attributes": { "tachana_id": 355, "Shem_tachana": "הרברט סמואל 32", "free_bikes": null, "free_amudim": null, "Teur_tachana": "הרברט סמואל 32 בטיילת חוף הבננה ביץ", "oid_thana": 5, "x": 177859.97, "y": 664276.43999999994, "date_import": "22/01/2019 01:25:05", "tr_idkun": 1489536059000 }, "geometry": { "x": 34.763900065250333, "y": 32.070997630702834 } }, { "attributes": { "tachana_id": 357, "Shem_tachana": "רוטשילד 140", "free_bikes": null, "free_amudim": null, "Teur_tachana": "רוטשילד 140 בשדרה - כיכר הבימה", "oid_thana": 6, "x": 179304.89000000001, "y": 664337.52000000002, "date_import": "22/01/2019 01:25:05", "tr_idkun": 1489536059000 }, "geometry": { "x": 34.779199967987871, "y": 32.071600700728261 } }, { "attributes": { "tachana_id": 358, "Shem_tachana": "שפרינצק 1 - סינימטק", "free_bikes": null, "free_amudim": null, "Teur_tachana": "סינימטק מול שפרינצק 1", "oid_thana": 7, "x": 179644.42000000001, "y": 664236.43000000005, "date_import": "22/01/2019 01:25:05", "tr_idkun": 1489536059000 }, "geometry": { "x": 34.782799976790542, "y": 32.070701110261702 } }, { "attributes": { "tachana_id": 359, "Shem_tachana": "קפלן פינת ארניה", "free_bikes": null, "free_amudim": null, "Teur_tachana": "קפלן פינת ארניה קריה מול שער רבין", "oid_thana": 8, "x": 179938.20999999999, "y": 664512.55000000005, "date_import": "22/01/2019 01:25:05", "tr_idkun": 1489536059000 }, "geometry": { "x": 34.785900018284984, "y": 32.073201404374942 } }, { "attributes": { "tachana_id": 360, "Shem_tachana": "שד יהודית 11 פינת הנציב", "free_bikes": null, "free_amudim": null, "Teur_tachana": "שדרות יהודית מול 16", "oid_thana": 9, "x": 180324.01000000001, "y": 664167.32999999996, "date_import": "22/01/2019 01:25:05", "tr_idkun": 1489536059000 }, "geometry": { "x": 34.789999986960751, "y": 32.070101722136073 } }, { "attributes": { "tachana_id": 361, "Shem_tachana": "אלנבי 53 שוק הכרמל", "free_bikes": null, "free_amudim": null, "Teur_tachana": "אלנבי 53 שוק הכרמל כיכר מגן דוד", "oid_thana": 10, "x": 178501.37, "y": 664107.68000000005, "date_import": "22/01/2019 01:25:05", "tr_idkun": 1489536059000 }, "geometry": { "x": 34.770700001836921, "y": 32.069499226624671 } }, { "attributes": { "tachana_id": 362, "Shem_tachana": "רוטשילד 108", "free_bikes": null, "free_amudim": null, "Teur_tachana": "רוטשילד 108 בשדרה פינת נחמני", "oid_thana": 11, "x": 179209.10999999999, "y": 663994.10999999999, "date_import": "22/01/2019 01:25:05", "tr_idkun": 1489536059000 }, "geometry": { "x": 34.77819996492795, "y": 32.068500509424695 } }, { "attributes": { "tachana_id": 363, "Shem_tachana": "בית רובינשטיין-צ. מעריב", "free_bikes": null, "free_amudim": null, "Teur_tachana": "בית רובינשטיין", "oid_thana": 12, "x": 179680.01999999999, "y": 663681.82999999996, "date_import": "22/01/2019 01:25:05", "tr_idkun": 1489536059000 }, "geometry": { "x": 34.783199922628647, "y": 32.065701117867313 } }, { "attributes": { "tachana_id": 364, "Shem_tachana": "גינת שינקין - נפחא", "free_bikes": null, "free_amudim": null, "Teur_tachana": "שינקין יצחק נפחא מול בית 1", "oid_thana": 13, "x": 178671.38, "y": 664118.13, "date_import": "22/01/2019 01:25:05", "tr_idkun": 1489536059000 }, "geometry": { "x": 34.772500023119285, "y": 32.069599610708778 } }, { "attributes": { "tachana_id": 365, "Shem_tachana": "יצחק שדה 17 - ביטוח לאומי", "free_bikes": null, "free_amudim": null, "Teur_tachana": "מול יצחק שדה 17 ביטוח לאומי", "oid_thana": 14, "x": 179915.95999999999, "y": 663647.67000000004, "date_import": "22/01/2019 01:25:05", "tr_idkun": 1489536059000 }, "geometry": { "x": 34.785699912529992, "y": 32.065401350156868 } }, { "attributes": { "tachana_id": 366, "Shem_tachana": "כרמלית פינת הכרמל", "free_bikes": null, "free_amudim": null, "Teur_tachana": "כרמלית פינת הכרמל", "oid_thana": 15, "x": 178075.14999999999, "y": 663787.69999999995, "date_import": "22/01/2019 01:25:05", "tr_idkun": 1489536059000 }, "geometry": { "x": 34.766199948087532, "y": 32.066598204793038 } }, { "attributes": { "tachana_id": 367, "Shem_tachana": "קויפמן 2 - תחנת הדלק", "free_bikes": null, "free_amudim": null, "Teur_tachana": "מול קויפמן 2 צמוד לתחנת הדלק", "oid_thana": 16, "x": 177667.89000000001, "y": 663489.82999999996, "date_import": "22/01/2019 01:25:05", "tr_idkun": 1489536059000 }, "geometry": { "x": 34.761899999320327, "y": 32.063897107618551 } }, { "attributes": { "tachana_id": 368, "Shem_tachana": "אלנבי 90 פינת מאזה", "free_bikes": null, "free_amudim": null, "Teur_tachana": "אלנבי 88-90 פינת גרוזנברג", "oid_thana": 17, "x": 178575.70999999999, "y": 663807.98999999999, "date_import": "22/01/2019 01:25:05", "tr_idkun": 1489536059000 }, "geometry": { "x": 34.771500019335527, "y": 32.066799391970797 } }, { "attributes": { "tachana_id": 370, "Shem_tachana": "רוטשילד 65", "free_bikes": null, "free_amudim": null, "Teur_tachana": "רוטשילד 65 בשדרה פינת נחמני", "oid_thana": 18, "x": 179047.14000000001, "y": 663628.78000000003, "date_import": "22/01/2019 01:25:05", "tr_idkun": 1489536059000 }, "geometry": { "x": 34.776500004542719, "y": 32.065200275648884 } }, { "attributes": { "tachana_id": 372, "Shem_tachana": "יד חרוצים 17 - המסגר", "free_bikes": null, "free_amudim": null, "Teur_tachana": "יד חרוצים 17 פינת המסגר", "oid_thana": 19, "x": 179791.64999999999, "y": 663248.93000000005, "date_import": "22/01/2019 01:25:05", "tr_idkun": 1489536059000 }, "geometry": { "x": 34.784399915188416, "y": 32.061801252188666 } }, { "attributes": { "tachana_id": 373, "Shem_tachana": "הרכבת פינת לבונטין", "free_bikes": null, "free_amudim": null, "Teur_tachana": "הרכבת מול יהודה לוי 73 - תל אביב", "oid_thana": 20, "x": 179074.85000000001, "y": 663473.43000000005, "date_import": "22/01/2019 01:25:05", "tr_idkun": 1489536059000 }, "geometry": { "x": 34.77679996723603, "y": 32.06380035836321 } }, { "attributes": { "tachana_id": 375, "Shem_tachana": "יהודה הלוי 43 פינת אלנבי", "free_bikes": null, "free_amudim": null, "Teur_tachana": "יהודה הלוי 43 פינת אלנבי", "oid_thana": 21, "x": 178705.73000000001, "y": 663264.13, "date_import": "22/01/2019 01:25:05", "tr_idkun": 1489536059000 }, "geometry": { "x": 34.772899961866813, "y": 32.061899695818845 } }, { "attributes": { "tachana_id": 376, "Shem_tachana": "יהודה הלוי 74", "free_bikes": null, "free_amudim": null, "Teur_tachana": "יהודה הלוי 74", "oid_thana": 22, "x": 179369.23999999999, "y": 663893.69999999995, "date_import": "22/01/2019 01:25:05", "tr_idkun": 1489536059000 }, "geometry": { "x": 34.779899962577694, "y": 32.067600728726511 } }, { "attributes": { "tachana_id": 377, "Shem_tachana": "מתחם התחנה", "free_bikes": null, "free_amudim": null, "Teur_tachana": "מתחם התחנה -בכניסה", "oid_thana": 23, "x": 177647.09, "y": 663024.16000000003, "date_import": "22/01/2019 01:25:05", "tr_idkun": 1489536059000 }, "geometry": { "x": 34.761699959588391, "y": 32.059697048830493 } }, { "attributes": { "tachana_id": 379, "Shem_tachana": "שבזי 19 -נווה צדק", "free_bikes": null, "free_amudim": null, "Teur_tachana": "שבזי 19 נווה צדק", "oid_thana": 24, "x": 177922.04000000001, "y": 663289.27000000002, "date_import": "22/01/2019 01:25:05", "tr_idkun": 1489536059000 }, "geometry": { "x": 34.76460002220945, "y": 32.062097877683392 } }, { "attributes": { "tachana_id": 380, "Shem_tachana": "גן מאיר - רחוב קינג גורג", "free_bikes": null, "free_amudim": null, "Teur_tachana": "גן מאיר - רחוב קינג גורג", "oid_thana": 25, "x": 178804.76999999999, "y": 664417.03000000003, "date_import": "22/01/2019 01:25:05", "tr_idkun": 1489536059000 }, "geometry": { "x": 34.773900042294223, "y": 32.072299819193645 } }, { "attributes": { "tachana_id": 381, "Shem_tachana": "פרישמן 77", "free_bikes": null, "free_amudim": null, "Teur_tachana": "פרישמן 77 - שדרות חן", "oid_thana": 26, "x": 179346.16, "y": 665224.5, "date_import": "22/01/2019 01:25:05", "tr_idkun": 1489536059000 }, "geometry": { "x": 34.779600057603524, "y": 32.079600720407058 } }, { "attributes": { "tachana_id": 382, "Shem_tachana": "הנמל פינת יריד המזרח", "free_bikes": null, "free_amudim": null, "Teur_tachana": "גשר חניון רידינג", "oid_thana": 27, "x": 179118.82000000001, "y": 667421.03000000003, "date_import": "22/01/2019 01:25:05", "tr_idkun": 1489536059000 }, "geometry": { "x": 34.777100011178845, "y": 32.099400309001851 } }, { "attributes": { "tachana_id": 383, "Shem_tachana": "זבוטינסקי-יהושוע בן נון", "free_bikes": null, "free_amudim": null, "Teur_tachana": "זבוטינסקי 65", "oid_thana": 28, "x": 179387.85000000001, "y": 666222.38, "date_import": "22/01/2019 01:25:05", "tr_idkun": 1489536059000 }, "geometry": { "x": 34.780000035260144, "y": 32.088600809544168 } }, { "attributes": { "tachana_id": 384, "Shem_tachana": "שד נורדאו פינת הירקון", "free_bikes": null, "free_amudim": null, "Teur_tachana": "שדרות נורדאו 2", "oid_thana": 29, "x": 178794.92000000001, "y": 666679.28000000003, "date_import": "22/01/2019 01:25:05", "tr_idkun": 1489536059000 }, "geometry": { "x": 34.773700066240693, "y": 32.092699806438333 } }, { "attributes": { "tachana_id": 385, "Shem_tachana": "ארלוזורוב פינת דרך נמיר", "free_bikes": null, "free_amudim": null, "Teur_tachana": "ארלוזורוב פינת נמיר", "oid_thana": 30, "x": 180829.54000000001, "y": 665507.20999999996, "date_import": "22/01/2019 01:25:05", "tr_idkun": 1489536059000 }, "geometry": { "x": 34.79529996916505, "y": 32.082201826442216 } }, { "attributes": { "tachana_id": 386, "Shem_tachana": "חוף פרישמן", "free_bikes": null, "free_amudim": null, "Teur_tachana": "הרברט סמואל 112", "oid_thana": 31, "x": 178204.29000000001, "y": 665361.89000000001, "date_import": "22/01/2019 01:25:05", "tr_idkun": 1489536059000 }, "geometry": { "x": 34.767500039747752, "y": 32.080798541757787 } }, { "attributes": { "tachana_id": 387, "Shem_tachana": "דוד המלך פינת ויצמן", "free_bikes": null, "free_amudim": null, "Teur_tachana": "דוד המלך 40", "oid_thana": 32, "x": 180167.54999999999, "y": 665221.40000000002, "date_import": "22/01/2019 01:25:05", "tr_idkun": 1489536059000 }, "geometry": { "x": 34.788299957700445, "y": 32.079601632838276 } }, { "attributes": { "tachana_id": 388, "Shem_tachana": "שד חן פינת דיזנגוף", "free_bikes": null, "free_amudim": null, "Teur_tachana": "שדרות חן 2", "oid_thana": 33, "x": 179372.07999999999, "y": 664614.48999999999, "date_import": "22/01/2019 01:25:05", "tr_idkun": 1489536059000 }, "geometry": { "x": 34.779900010399544, "y": 32.07410073053552 } }, { "attributes": { "tachana_id": 390, "Shem_tachana": "דיזנגוף סנטר צפון", "free_bikes": null, "free_amudim": null, "Teur_tachana": "דיזנגוף 72", "oid_thana": 34, "x": 178891.47, "y": 664849.18999999994, "date_import": "22/01/2019 01:25:05", "tr_idkun": 1489536059000 }, "geometry": { "x": 34.774800030558119, "y": 32.076200039482593 } }, { "attributes": { "tachana_id": 391, "Shem_tachana": "חוף ירושלים", "free_bikes": null, "free_amudim": null, "Teur_tachana": "אלנבי 1", "oid_thana": 35, "x": 177984.07000000001, "y": 664608.65000000002, "date_import": "22/01/2019 01:25:05", "tr_idkun": 1489536059000 }, "geometry": { "x": 34.765200026653687, "y": 32.073997970991016 } }, { "attributes": { "tachana_id": 392, "Shem_tachana": "הדולפינריום", "free_bikes": null, "free_amudim": null, "Teur_tachana": "הרברט סמואל 1", "oid_thana": 36, "x": 177735.44, "y": 663844.43000000005, "date_import": "22/01/2019 01:25:05", "tr_idkun": 1489536059000 }, "geometry": { "x": 34.762599960676461, "y": 32.067097291098811 } }, { "attributes": { "tachana_id": 393, "Shem_tachana": "מלון אינטרקונטיננטל", "free_bikes": null, "free_amudim": null, "Teur_tachana": "רחוב המרד מול 36", "oid_thana": 37, "x": 177932.88, "y": 663632.98999999999, "date_import": "22/01/2019 01:25:05", "tr_idkun": 1489536059000 }, "geometry": { "x": 34.764699983903697, "y": 32.065197852855313 } }, { "attributes": { "tachana_id": 394, "Shem_tachana": "החשמונאים פינת קרליבך", "free_bikes": null, "free_amudim": null, "Teur_tachana": "חשמונאים 88", "oid_thana": 38, "x": 179738.28, "y": 664091.92000000004, "date_import": "22/01/2019 01:25:05", "tr_idkun": 1489536059000 }, "geometry": { "x": 34.783799965945384, "y": 32.069401257961211 } }, { "attributes": { "tachana_id": 395, "Shem_tachana": "רוטשילד פינת אלנבי", "free_bikes": null, "free_amudim": null, "Teur_tachana": "שד רוטשילד מול בית 36", "oid_thana": 39, "x": 178734.76999999999, "y": 663441.43999999994, "date_import": "22/01/2019 01:25:05", "tr_idkun": 1489536059000 }, "geometry": { "x": 34.773199978883582, "y": 32.063499679534459 } }, { "attributes": { "tachana_id": 396, "Shem_tachana": "מגדל צדק", "free_bikes": null, "free_amudim": null, "Teur_tachana": "רחוב אילת 61", "oid_thana": 40, "x": 178156.94, "y": 663000.06000000006, "date_import": "22/01/2019 01:25:05", "tr_idkun": 1489536059000 }, "geometry": { "x": 34.767099899157046, "y": 32.059498462460894 } }, { "attributes": { "tachana_id": 401, "Shem_tachana": "יסוד המעלה 64 - ת. מרכזית", "free_bikes": null, "free_amudim": null, "Teur_tachana": "התחנה המרכזית חדשה", "oid_thana": 41, "x": 179487.12, "y": 662651.26000000001, "date_import": "22/01/2019 01:25:05", "tr_idkun": 1489536059000 }, "geometry": { "x": 34.781199916761523, "y": 32.056400878217914 } }, { "attributes": { "tachana_id": 402, "Shem_tachana": "לוינסקי 83א", "free_bikes": null, "free_amudim": null, "Teur_tachana": "לוינסקי 83א פינת צלנוב", "oid_thana": 42, "x": 178978.07999999999, "y": 662886.06000000006, "date_import": "22/01/2019 01:25:05", "tr_idkun": 1489536059000 }, "geometry": { "x": 34.77579990122846, "y": 32.058500138278717 } }, { "attributes": { "tachana_id": 403, "Shem_tachana": "רציף העליה השניה - כיכר השעון", "free_bikes": null, "free_amudim": null, "Teur_tachana": "אריאנה -רציף העליה השניה", "oid_thana": 43, "x": 177069.32999999999, "y": 662616.05000000005, "date_import": "22/01/2019 01:25:05", "tr_idkun": 1489536059000 }, "geometry": { "x": 34.755599914234722, "y": 32.055995305413425 } }, { "attributes": { "tachana_id": 404, "Shem_tachana": "שארית ישראל מול 37", "free_bikes": null, "free_amudim": null, "Teur_tachana": "שארית ישראל מול 37", "oid_thana": 44, "x": 177879.60000000001, "y": 662147.22999999998, "date_import": "22/01/2019 01:25:05", "tr_idkun": 1489536059000 }, "geometry": { "x": 34.764199919735603, "y": 32.051797689755439 } }, { "attributes": { "tachana_id": 405, "Shem_tachana": "כיכר קדומים -יפו העתיקה", "free_bikes": null, "free_amudim": null, "Teur_tachana": "כיכר קדומים", "oid_thana": 45, "x": 176728.75, "y": 662473.17000000004, "date_import": "22/01/2019 01:25:05", "tr_idkun": 1489536059000 }, "geometry": { "x": 34.751999934224372, "y": 32.054694031981043 } }, { "attributes": { "tachana_id": 406, "Shem_tachana": "הרצל 155 - גני הטבע", "free_bikes": null, "free_amudim": null, "Teur_tachana": "הרצל 155 גני הטבע", "oid_thana": 46, "x": 178350.23999999999, "y": 661757.32999999996, "date_import": "22/01/2019 01:25:05", "tr_idkun": 1489536059000 }, "geometry": { "x": 34.769199836227628, "y": 32.048298870162377 } }, { "attributes": { "tachana_id": 407, "Shem_tachana": "מכללת תא עזה מול 34", "free_bikes": null, "free_amudim": null, "Teur_tachana": "עזה 34-מכללת תל אביב", "oid_thana": 47, "x": 177443.14999999999, "y": 661660.95999999996, "date_import": "22/01/2019 01:25:05", "tr_idkun": 1489536059000 }, "geometry": { "x": 34.759599871711671, "y": 32.047396496352029 } }, { "attributes": { "tachana_id": 408, "Shem_tachana": "גרינבוים 37 - נווה עופר", "free_bikes": null, "free_amudim": null, "Teur_tachana": "גרינבוים 37 - נווה עופר", "oid_thana": 48, "x": 178006.89999999999, "y": 660938.02000000002, "date_import": "22/01/2019 01:25:05", "tr_idkun": 1489536059000 }, "geometry": { "x": 34.765599837834039, "y": 32.040897992969093 } }, { "attributes": { "tachana_id": 409, "Shem_tachana": "נמל יפו מבנה המגדלור", "free_bikes": null, "free_amudim": null, "Teur_tachana": "נמל יפו קיר מבנה מגדלור", "oid_thana": 49, "x": 176567.73999999999, "y": 662362.89000000001, "date_import": "22/01/2019 01:25:05", "tr_idkun": 1489536059000 }, "geometry": { "x": 34.750299974232881, "y": 32.05369346041244 } }, { "attributes": { "tachana_id": 410, "Shem_tachana": "יפת 66 - גן השניים", "free_bikes": null, "free_amudim": null, "Teur_tachana": "יפת 66 - גן השניים", "oid_thana": 50, "x": 176782.07000000001, "y": 661674.54000000004, "date_import": "22/01/2019 01:25:05", "tr_idkun": 1489536059000 }, "geometry": { "x": 34.752599905081411, "y": 32.047494207148127 } }, { "attributes": { "tachana_id": 411, "Shem_tachana": "שוק פשפשים - רבי אחא", "free_bikes": null, "free_amudim": null, "Teur_tachana": "שוק פשפשים - רבי אחא", "oid_thana": 51, "x": 177049.20000000001, "y": 662316.70999999996, "date_import": "22/01/2019 01:25:05", "tr_idkun": 1489536059000 }, "geometry": { "x": 34.755399945060454, "y": 32.053295180442355 } }, { "attributes": { "tachana_id": 412, "Shem_tachana": "ישראל גורי 34", "free_bikes": null, "free_amudim": null, "Teur_tachana": "ישראל גורי 34", "oid_thana": 52, "x": 179405.54999999999, "y": 661121.26000000001, "date_import": "22/01/2019 01:25:05", "tr_idkun": 1489536059000 }, "geometry": { "x": 34.780399803753888, "y": 32.042600793046411 } }, { "attributes": { "tachana_id": 414, "Shem_tachana": "שד הבעל שם טוב נוה אילן", "free_bikes": null, "free_amudim": null, "Teur_tachana": "שד הבעל שם טוב נוה אילן", "oid_thana": 53, "x": 176635.69, "y": 660555.07999999996, "date_import": "22/01/2019 01:25:05", "tr_idkun": 1489536059000 }, "geometry": { "x": 34.75109981647315, "y": 32.037393662515747 } }, { "attributes": { "tachana_id": 415, "Shem_tachana": "שדרות בן צבי 91", "free_bikes": null, "free_amudim": null, "Teur_tachana": "שדרות בן צבי 91", "oid_thana": 54, "x": 178734.54999999999, "y": 661023.98999999999, "date_import": "22/01/2019 01:25:05", "tr_idkun": 1489536059000 }, "geometry": { "x": 34.773299869513274, "y": 32.041699677935959 } }, { "attributes": { "tachana_id": 416, "Shem_tachana": "פלורנטין שד וושינגטון", "free_bikes": null, "free_amudim": null, "Teur_tachana": "פלורנטין - גינת וושינגטון", "oid_thana": 55, "x": 178391.51000000001, "y": 662622.14000000001, "date_import": "22/01/2019 01:25:05", "tr_idkun": 1489536059000 }, "geometry": { "x": 34.769599923470608, "y": 32.056099018665016 } }, { "attributes": { "tachana_id": 417, "Shem_tachana": "נחל הבשור פינת שדרות ירושלים", "free_bikes": null, "free_amudim": null, "Teur_tachana": "נחל הבשור פינת שדרות ירושלים", "oid_thana": 56, "x": 177099.26999999999, "y": 660730.76000000001, "date_import": "22/01/2019 01:25:05", "tr_idkun": 1489536059000 }, "geometry": { "x": 34.755999840676225, "y": 32.038995352964463 } }, { "attributes": { "tachana_id": 418, "Shem_tachana": "ישראל מסלנט מול 13", "free_bikes": null, "free_amudim": null, "Teur_tachana": "ישראל מסלנט מול 13", "oid_thana": 57, "x": 179493.26000000001, "y": 661808.45999999996, "date_import": "22/01/2019 01:25:05", "tr_idkun": 1489536059000 }, "geometry": { "x": 34.781299905512697, "y": 32.048800915748132 } }, { "attributes": { "tachana_id": 420, "Shem_tachana": "שד ירושלים פינת בן צבי 1", "free_bikes": null, "free_amudim": null, "Teur_tachana": "שד ירושלים פינת בן צבי 1", "oid_thana": 58, "x": 177425.76999999999, "y": 662026.96999999997, "date_import": "22/01/2019 01:25:05", "tr_idkun": 1489536059000 }, "geometry": { "x": 34.759399884971259, "y": 32.050696438149998 } }, { "attributes": { "tachana_id": 422, "Shem_tachana": "מנדס פרנס - גינת טולוז", "free_bikes": null, "free_amudim": null, "Teur_tachana": "מנדס פרנס 2 קדם - גינת טולוז", "oid_thana": 59, "x": 176269.42000000001, "y": 661055.47999999998, "date_import": "22/01/2019 01:25:05", "tr_idkun": 1489536059000 }, "geometry": { "x": 34.7471998323553, "y": 32.041892223716921 } }, { "attributes": { "tachana_id": 423, "Shem_tachana": "קדם 49", "free_bikes": null, "free_amudim": null, "Teur_tachana": "קדם מול 49 - רחבת ירידה לפארק מדרון", "oid_thana": 60, "x": 176432.06, "y": 661542.80000000005, "date_import": "22/01/2019 01:25:05", "tr_idkun": 1489536059000 }, "geometry": { "x": 34.748899961064026, "y": 32.046292949214454 } }, { "attributes": { "tachana_id": 424, "Shem_tachana": "אייזיק חריף מול 36", "free_bikes": null, "free_amudim": null, "Teur_tachana": "אייזיק חריף מול 36", "oid_thana": 61, "x": 176283.57000000001, "y": 659935.42000000004, "date_import": "22/01/2019 01:25:05", "tr_idkun": 1489536059000 }, "geometry": { "x": 34.747399812793368, "y": 32.031792337425635 } }, { "attributes": { "tachana_id": 425, "Shem_tachana": "המחרוזת 9", "free_bikes": null, "free_amudim": null, "Teur_tachana": "המחרוזת 9", "oid_thana": 62, "x": 176841.82999999999, "y": 660155.08999999997, "date_import": "22/01/2019 01:25:05", "tr_idkun": 1489536059000 }, "geometry": { "x": 34.753299826468862, "y": 32.033794429935938 } }, { "attributes": { "tachana_id": 430, "Shem_tachana": "העליה 49", "free_bikes": null, "free_amudim": null, "Teur_tachana": "העליה 49", "oid_thana": 63, "x": 178684.13, "y": 662587.76000000001, "date_import": "22/01/2019 01:25:05", "tr_idkun": 1489536059000 }, "geometry": { "x": 34.77269987353116, "y": 32.055799578333286 } }, { "attributes": { "tachana_id": 431, "Shem_tachana": "תחנת רכבת וולפסון", "free_bikes": null, "free_amudim": null, "Teur_tachana": "בית סומקן 38", "oid_thana": 64, "x": 177390.62, "y": 660374.80000000005, "date_import": "22/01/2019 01:25:05", "tr_idkun": 1489536059000 }, "geometry": { "x": 34.75909984443409, "y": 32.035796258315663 } }, { "attributes": { "tachana_id": 432, "Shem_tachana": "חכמי ישראל 1", "free_bikes": null, "free_amudim": null, "Teur_tachana": "חכמי ישראל 1", "oid_thana": 65, "x": 178852.31, "y": 662132.46999999997, "date_import": "22/01/2019 01:25:05", "tr_idkun": 1489536059000 }, "geometry": { "x": 34.774499889503538, "y": 32.051699932876652 } }, { "attributes": { "tachana_id": 433, "Shem_tachana": "דרור 23 - גלי צהל", "free_bikes": null, "free_amudim": null, "Teur_tachana": "דרור 23 פינת יהודה הימית", "oid_thana": 66, "x": 177104.34, "y": 661950.56000000006, "date_import": "22/01/2019 01:25:05", "tr_idkun": 1489536059000 }, "geometry": { "x": 34.755999893891136, "y": 32.049995399920739 } }, { "attributes": { "tachana_id": 434, "Shem_tachana": "פוריה 2", "free_bikes": null, "free_amudim": null, "Teur_tachana": "פוריה 2", "oid_thana": 67, "x": 177493.98999999999, "y": 662536.81999999995, "date_import": "22/01/2019 01:25:05", "tr_idkun": 1489536059000 }, "geometry": { "x": 34.76009999328565, "y": 32.055296670229751 } }, { "attributes": { "tachana_id": 436, "Shem_tachana": "לבנדה 43", "free_bikes": null, "free_amudim": null, "Teur_tachana": "לבנדה 43", "oid_thana": 68, "x": 179667.16, "y": 662805.82999999996, "date_import": "22/01/2019 01:25:05", "tr_idkun": 1489536059000 }, "geometry": { "x": 34.783099945419615, "y": 32.05780110519067 } }, { "attributes": { "tachana_id": 501, "Shem_tachana": "שדרות ההשכלה 11", "free_bikes": null, "free_amudim": null, "Teur_tachana": "שדרות ההשכלה 11", "oid_thana": 69, "x": 180898.56, "y": 663788.12, "date_import": "22/01/2019 01:25:05", "tr_idkun": 1489536059000 }, "geometry": { "x": 34.796099920136228, "y": 32.066701844796917 } }, { "attributes": { "tachana_id": 503, "Shem_tachana": "יגאל אלון 96", "free_bikes": null, "free_amudim": null, "Teur_tachana": "יגאל אלון 96", "oid_thana": 70, "x": 180682.56, "y": 664099.43999999994, "date_import": "22/01/2019 01:25:05", "tr_idkun": 1489536059000 }, "geometry": { "x": 34.79379992512483, "y": 32.069501865791949 } }, { "attributes": { "tachana_id": 504, "Shem_tachana": "משה דיין פינת לה גרדיה", "free_bikes": null, "free_amudim": null, "Teur_tachana": "משה דיין פינת לה גרדיה", "oid_thana": 71, "x": 181319.87, "y": 662821.76000000001, "date_import": "22/01/2019 01:25:05", "tr_idkun": 1489536059000 }, "geometry": { "x": 34.800599903254501, "y": 32.058001716545519 } }, { "attributes": { "tachana_id": 507, "Shem_tachana": "היכל נוקיה השלושה 9", "free_bikes": null, "free_amudim": null, "Teur_tachana": "היכל נוקיה השלושה 9", "oid_thana": 72, "x": 180348.92999999999, "y": 663280.08999999997, "date_import": "22/01/2019 01:25:05", "tr_idkun": 1489536059000 }, "geometry": { "x": 34.790299953784661, "y": 32.062101663305214 } }, { "attributes": { "tachana_id": 508, "Shem_tachana": "משה דיין פינת יצחק שדה", "free_bikes": null, "free_amudim": null, "Teur_tachana": "משה דיין פינת יצחק שדה", "oid_thana": 73, "x": 181162.04000000001, "y": 663543.16000000003, "date_import": "22/01/2019 01:25:05", "tr_idkun": 1489536059000 }, "geometry": { "x": 34.7988999348579, "y": 32.064501808977553 } }, { "attributes": { "tachana_id": 509, "Shem_tachana": "הטייסים 40", "free_bikes": null, "free_amudim": null, "Teur_tachana": "הטייסים 40", "oid_thana": 74, "x": 181885.82999999999, "y": 662642.19999999995, "date_import": "22/01/2019 01:25:05", "tr_idkun": 1489536059000 }, "geometry": { "x": 34.806599895481135, "y": 32.05640143080678 } }, { "attributes": { "tachana_id": 510, "Shem_tachana": "קרייתי מול 28", "free_bikes": null, "free_amudim": null, "Teur_tachana": "קרייתי מול 28", "oid_thana": 75, "x": 181061.67999999999, "y": 661968.87, "date_import": "22/01/2019 01:25:05", "tr_idkun": 1489536059000 }, "geometry": { "x": 34.797899920558265, "y": 32.050301794456303 } }, { "attributes": { "tachana_id": 511, "Shem_tachana": "ההגנה 31 - תחנת רכבת ההגנה", "free_bikes": null, "free_amudim": null, "Teur_tachana": "ההגנה 31 - תחנת רכבת ההגנה", "oid_thana": 76, "x": 179977.29000000001, "y": 662416.54000000004, "date_import": "22/01/2019 01:25:05", "tr_idkun": 1489536059000 }, "geometry": { "x": 34.786399877425936, "y": 32.054301448034472 } }, { "attributes": { "tachana_id": 512, "Shem_tachana": "יגאל אלון 33 פינת שדרות החי\"ל", "free_bikes": null, "free_amudim": null, "Teur_tachana": "יגאל אלון 33 פינת שדרות החי\"ל", "oid_thana": 77, "x": 180488.32999999999, "y": 662691.83999999997, "date_import": "22/01/2019 01:25:05", "tr_idkun": 1489536059000 }, "geometry": { "x": 34.791799943015008, "y": 32.056801770879652 } }, { "attributes": { "tachana_id": 513, "Shem_tachana": "משה דיין 45", "free_bikes": null, "free_amudim": null, "Teur_tachana": "משה דיין 45", "oid_thana": 78, "x": 181251.56, "y": 662234.29000000004, "date_import": "22/01/2019 01:25:05", "tr_idkun": 1489536059000 }, "geometry": { "x": 34.799899873231773, "y": 32.052701728618771 } }, { "attributes": { "tachana_id": 514, "Shem_tachana": "מעפילי אגוז 59", "free_bikes": null, "free_amudim": null, "Teur_tachana": "מעפילי אגוז 59", "oid_thana": 79, "x": 182243.28, "y": 662252.71999999997, "date_import": "22/01/2019 01:25:05", "tr_idkun": 1489536059000 }, "geometry": { "x": 34.810399943299821, "y": 32.052900998256753 } }, { "attributes": { "tachana_id": 515, "Shem_tachana": "סמטת כביר 18", "free_bikes": null, "free_amudim": null, "Teur_tachana": "סמטת כביר 18", "oid_thana": 80, "x": 180211.47, "y": 661916.64000000001, "date_import": "22/01/2019 01:25:05", "tr_idkun": 1489536059000 }, "geometry": { "x": 34.788899889807709, "y": 32.049801610478134 } }, { "attributes": { "tachana_id": 516, "Shem_tachana": "מחל 79", "free_bikes": null, "free_amudim": null, "Teur_tachana": "מחל 79", "oid_thana": 81, "x": 182402.45999999999, "y": 661875.08999999997, "date_import": "22/01/2019 01:25:05", "tr_idkun": 1489536059000 }, "geometry": { "x": 34.812099946592937, "y": 32.04950082989285 } }, { "attributes": { "tachana_id": 517, "Shem_tachana": "דרך בר לב 186", "free_bikes": null, "free_amudim": null, "Teur_tachana": "דרך בר לב 186", "oid_thana": 82, "x": 182173.95999999999, "y": 661376.93000000005, "date_import": "22/01/2019 01:25:05", "tr_idkun": 1489536059000 }, "geometry": { "x": 34.809699847742714, "y": 32.045001006369276 } }, { "attributes": { "tachana_id": 518, "Shem_tachana": "דרך בר לב 111", "free_bikes": null, "free_amudim": null, "Teur_tachana": "דרך בר לב 111", "oid_thana": 83, "x": 181258.64000000001, "y": 661602.18000000005, "date_import": "22/01/2019 01:25:05", "tr_idkun": 1489536059000 }, "geometry": { "x": 34.79999990750084, "y": 32.047001727010255 } }, { "attributes": { "tachana_id": 519, "Shem_tachana": "ילקוט הרועים 2 - נחלת יצחק", "free_bikes": null, "free_amudim": null, "Teur_tachana": "ילקוט הרועים 2 נחלת יצחק", "oid_thana": 84, "x": 181260.54999999999, "y": 664629.53000000003, "date_import": "22/01/2019 01:25:05", "tr_idkun": 1489536059000 }, "geometry": { "x": 34.799900013798663, "y": 32.074301778008056 } }, { "attributes": { "tachana_id": 520, "Shem_tachana": "פארק דרום בכניסה", "free_bikes": null, "free_amudim": null, "Teur_tachana": "פארק דרום בכניסה", "oid_thana": 85, "x": 181691.60999999999, "y": 661201.32999999996, "date_import": "22/01/2019 01:25:05", "tr_idkun": 1489536059000 }, "geometry": { "x": 34.804599817457678, "y": 32.043401477234617 } }, { "attributes": { "tachana_id": 522, "Shem_tachana": "תחנת רכבת ההגנה", "free_bikes": null, "free_amudim": null, "Teur_tachana": "תחנת רכבת ההגנה", "oid_thana": 86, "x": 179835.63, "y": 662417.06999999995, "date_import": "22/01/2019 01:25:05", "tr_idkun": 1489536059000 }, "geometry": { "x": 34.784899873010858, "y": 32.054301272481588 } }, { "attributes": { "tachana_id": 523, "Shem_tachana": "אצל 93", "free_bikes": null, "free_amudim": null, "Teur_tachana": "אצל 93", "oid_thana": 87, "x": 180645.14999999999, "y": 661715.39000000001, "date_import": "22/01/2019 01:25:05", "tr_idkun": 1489536059000 }, "geometry": { "x": 34.793499846510379, "y": 32.048001746131028 } }, { "attributes": { "tachana_id": 101, "Shem_tachana": "חוף הצוק הצפוני מלון מנדרין", "free_bikes": null, "free_amudim": null, "Teur_tachana": "חוף הצוק הצפוני מלון מנדרין", "oid_thana": 88, "x": 180591.16, "y": 672305.81999999995, "date_import": "22/01/2019 01:25:05", "tr_idkun": 1489536059000 }, "geometry": { "x": 34.792499897521694, "y": 32.143501479446542 } }, { "attributes": { "tachana_id": 102, "Shem_tachana": "חוף הצוק הדרומי סאמט שמעון", "free_bikes": null, "free_amudim": null, "Teur_tachana": "חוף הצוק הדרומי סאמט שמעון", "oid_thana": 89, "x": 180448.19, "y": 671929.32999999996, "date_import": "22/01/2019 01:25:05", "tr_idkun": 1489536059000 }, "geometry": { "x": 34.790999888061819, "y": 32.140101481309266 } }, { "attributes": { "tachana_id": 104, "Shem_tachana": "אזורי חן גרינברג 26", "free_bikes": null, "free_amudim": null, "Teur_tachana": "אזורי חן גרינברג 26", "oid_thana": 90, "x": 180566.48000000001, "y": 670786.68999999994, "date_import": "22/01/2019 01:25:05", "tr_idkun": 1489536059000 }, "geometry": { "x": 34.792299918394527, "y": 32.129801620431401 } }, { "attributes": { "tachana_id": 105, "Shem_tachana": "מרכז שוסטר אחימאיר 18", "free_bikes": null, "free_amudim": null, "Teur_tachana": "מרכז שוסטר אחימאיר 18", "oid_thana": 91, "x": 181498.51000000001, "y": 670206.52000000002, "date_import": "22/01/2019 01:25:05", "tr_idkun": 1489536059000 }, "geometry": { "x": 34.802199908849637, "y": 32.124601591389194 } }, { "attributes": { "tachana_id": 106, "Shem_tachana": "רודנסקי מרכז מסחרי", "free_bikes": null, "free_amudim": null, "Teur_tachana": "רודנסקי 3 - מרכז מסחרי", "oid_thana": 92, "x": 180553.10000000001, "y": 669755.43999999994, "date_import": "22/01/2019 01:25:05", "tr_idkun": 1489536059000 }, "geometry": { "x": 34.792199934737802, "y": 32.120501673564164 } }, { "attributes": { "tachana_id": 107, "Shem_tachana": "חוף תל ברוך", "free_bikes": null, "free_amudim": null, "Teur_tachana": "ארצי יצחק 34 -חוף תל ברוך", "oid_thana": 93, "x": 179704.06, "y": 669836.27000000002, "date_import": "22/01/2019 01:25:05", "tr_idkun": 1489536059000 }, "geometry": { "x": 34.783199947904386, "y": 32.121200966066816 } }, { "attributes": { "tachana_id": 108, "Shem_tachana": "פרלוק 4", "free_bikes": null, "free_amudim": null, "Teur_tachana": "פרלוק 4", "oid_thana": 94, "x": 180465.37, "y": 669023.88, "date_import": "22/01/2019 01:25:05", "tr_idkun": 1489536059000 }, "geometry": { "x": 34.791300039068524, "y": 32.113901660504411 } }, { "attributes": { "tachana_id": 109, "Shem_tachana": "טאגור מרכז מסחרי", "free_bikes": null, "free_amudim": null, "Teur_tachana": "טאגור מרכז מסחרי", "oid_thana": 95, "x": 181099.20999999999, "y": 669420.68999999994, "date_import": "22/01/2019 01:25:05", "tr_idkun": 1489536059000 }, "geometry": { "x": 34.798000035805806, "y": 32.117501704499333 } }, { "attributes": { "tachana_id": 110, "Shem_tachana": "שיכון למד האוזנר 5", "free_bikes": null, "free_amudim": null, "Teur_tachana": "שיכון למד האוזנר 5", "oid_thana": 96, "x": 180378.85000000001, "y": 668613.90000000002, "date_import": "22/01/2019 01:25:05", "tr_idkun": 1489536059000 }, "geometry": { "x": 34.790400001981197, "y": 32.11020159042652 } }, { "attributes": { "tachana_id": 111, "Shem_tachana": "איינשטיין 41", "free_bikes": null, "free_amudim": null, "Teur_tachana": "איינשטיין 41 קניון רמת אביב", "oid_thana": 97, "x": 180983.98999999999, "y": 668899.93999999994, "date_import": "22/01/2019 01:25:05", "tr_idkun": 1489536059000 }, "geometry": { "x": 34.796800042165849, "y": 32.112801812064049 } }, { "attributes": { "tachana_id": 112, "Shem_tachana": "אוניברסיטה איינשטיין 78", "free_bikes": null, "free_amudim": null, "Teur_tachana": "איינשטיין 78", "oid_thana": 98, "x": 181380.54999999999, "y": 668942.79000000004, "date_import": "22/01/2019 01:25:05", "tr_idkun": 1489536059000 }, "geometry": { "x": 34.801000045498917, "y": 32.113201674662754 } }, { "attributes": { "tachana_id": 113, "Shem_tachana": "ברודצקי פינת שד אבנר", "free_bikes": null, "free_amudim": null, "Teur_tachana": "ברודצקי פינת שד אבנר", "oid_thana": 99, "x": 181095.10999999999, "y": 668333.95999999996, "date_import": "22/01/2019 01:25:05", "tr_idkun": 1489536059000 }, "geometry": { "x": 34.798000009480226, "y": 32.107701752214318 } }, { "attributes": { "tachana_id": 114, "Shem_tachana": "לוי אשכול 26", "free_bikes": null, "free_amudim": null, "Teur_tachana": "לוי אשכול 26", "oid_thana": 100, "x": 180244.28, "y": 667982.32999999996, "date_import": "22/01/2019 01:25:05", "tr_idkun": 1489536059000 }, "geometry": { "x": 34.789000009740207, "y": 32.104501610022062 } }, { "attributes": { "tachana_id": 116, "Shem_tachana": "שי עגנון 59", "free_bikes": null, "free_amudim": null, "Teur_tachana": "שי עגנון 59", "oid_thana": 101, "x": 179903.48999999999, "y": 667728.56000000006, "date_import": "22/01/2019 01:25:05", "tr_idkun": 1489536059000 }, "geometry": { "x": 34.785399992551589, "y": 32.102201294074554 } }, { "attributes": { "tachana_id": 117, "Shem_tachana": "דרך נמיר - סמינר הקיבוצים", "free_bikes": null, "free_amudim": null, "Teur_tachana": "סמינר הקיבוצים - דרך נמיר מימין לרחוב ויטלה בחורשה", "oid_thana": 102, "x": 180592.42000000001, "y": 667692.68999999994, "date_import": "22/01/2019 01:25:05", "tr_idkun": 1489536059000 }, "geometry": { "x": 34.792700064579712, "y": 32.101901762111027 } }, { "attributes": { "tachana_id": 118, "Shem_tachana": "שלמה בן יוסף 24", "free_bikes": null, "free_amudim": null, "Teur_tachana": "שלמה בן יוסף 24", "oid_thana": 103, "x": 181140.45999999999, "y": 670352.03000000003, "date_import": "22/01/2019 01:25:05", "tr_idkun": 1489536059000 }, "geometry": { "x": 34.798399935802131, "y": 32.125901646205875 } }, { "attributes": { "tachana_id": 120, "Shem_tachana": "הגוש הגדול אמיר גלבע 17", "free_bikes": null, "free_amudim": null, "Teur_tachana": "אמיר גלבוע 17", "oid_thana": 104, "x": 180211.23000000001, "y": 669202.27000000002, "date_import": "22/01/2019 01:25:05", "tr_idkun": 1489536059000 }, "geometry": { "x": 34.78860000910079, "y": 32.115501514360872 } }, { "attributes": { "tachana_id": 121, "Shem_tachana": "רב אשי 11 מרכז מסחרי", "free_bikes": null, "free_amudim": null, "Teur_tachana": "רב אשי בגינה מול בית 11", "oid_thana": 105, "x": 181204.35000000001, "y": 669775.15000000002, "date_import": "22/01/2019 01:25:05", "tr_idkun": 1489536059000 }, "geometry": { "x": 34.799099965098492, "y": 32.12070168860317 } }, { "attributes": { "tachana_id": 122, "Shem_tachana": "אוניברסיטה שער 4", "free_bikes": null, "free_amudim": null, "Teur_tachana": "אוניברסיטה שער 4", "oid_thana": 106, "x": 181662.69, "y": 668675.57999999996, "date_import": "22/01/2019 01:25:05", "tr_idkun": 1489536059000 }, "geometry": { "x": 34.803999956633731, "y": 32.110801538303299 } }, { "attributes": { "tachana_id": 123, "Shem_tachana": "האוניברסיטה - ספריה", "free_bikes": null, "free_amudim": null, "Teur_tachana": "האוניברסיטה - ספריה", "oid_thana": 107, "x": 181692.12, "y": 668974.88, "date_import": "22/01/2019 01:25:05", "tr_idkun": 1489536059000 }, "geometry": { "x": 34.804300000720261, "y": 32.113501525793737 } }, { "attributes": { "tachana_id": 124, "Shem_tachana": "כיכר גורג וויז", "free_bikes": null, "free_amudim": null, "Teur_tachana": "כיכר גורג וויז", "oid_thana": 108, "x": 181755.51000000001, "y": 668253.83999999997, "date_import": "22/01/2019 01:25:05", "tr_idkun": 1489536059000 }, "geometry": { "x": 34.804999954855084, "y": 32.107001510420027 } }, { "attributes": { "tachana_id": 125, "Shem_tachana": "הפקולטה להנדסה תל אביב", "free_bikes": null, "free_amudim": null, "Teur_tachana": "הפקולטה להנדסה תל אביב", "oid_thana": 109, "x": 181756.34, "y": 668475.62, "date_import": "22/01/2019 01:25:05", "tr_idkun": 1489536059000 }, "geometry": { "x": 34.805000042666457, "y": 32.109001488422194 } }, { "attributes": { "tachana_id": 201, "Shem_tachana": "המשתלה ברוד מקס 12", "free_bikes": null, "free_amudim": null, "Teur_tachana": "המשתלה ברוד מקס 12", "oid_thana": 110, "x": 183943.32000000001, "y": 670396.88, "date_import": "22/01/2019 01:25:05", "tr_idkun": 1489536059000 }, "geometry": { "x": 34.828099940087931, "y": 32.126397849319758 } }, { "attributes": { "tachana_id": 202, "Shem_tachana": "אהרון בקר 15", "free_bikes": null, "free_amudim": null, "Teur_tachana": "אהרון בקר 15", "oid_thana": 111, "x": 182969.64999999999, "y": 669923.71999999997, "date_import": "22/01/2019 01:25:05", "tr_idkun": 1489536059000 }, "geometry": { "x": 34.817799973000966, "y": 32.122099942487132 } }, { "attributes": { "tachana_id": 203, "Shem_tachana": "לאה 16 פינת אלתרמן", "free_bikes": null, "free_amudim": null, "Teur_tachana": "לאה 16 פינת אלתרמן", "oid_thana": 112, "x": 183280.23999999999, "y": 669689.68000000005, "date_import": "22/01/2019 01:25:05", "tr_idkun": 1489536059000 }, "geometry": { "x": 34.821099954172908, "y": 32.119999441046978 } }, { "attributes": { "tachana_id": 204, "Shem_tachana": "צהל פינת עיר שמש בכיכר", "free_bikes": null, "free_amudim": null, "Teur_tachana": "צהל פינת עיר שמש בכיכר", "oid_thana": 113, "x": 183696.34, "y": 669932.06000000006, "date_import": "22/01/2019 01:25:05", "tr_idkun": 1489536059000 }, "geometry": { "x": 34.82550001867083, "y": 32.122198426907239 } }, { "attributes": { "tachana_id": 205, "Shem_tachana": "צה\"ל מול בית 76", "free_bikes": null, "free_amudim": null, "Teur_tachana": "צה\"ל מול בית 76", "oid_thana": 114, "x": 184583.10999999999, "y": 669840, "date_import": "22/01/2019 01:25:05", "tr_idkun": 1489536059000 }, "geometry": { "x": 34.834900024367286, "y": 32.121396024189451 } }, { "attributes": { "tachana_id": 206, "Shem_tachana": "נווה שרת הצנחנים 2", "free_bikes": null, "free_amudim": null, "Teur_tachana": "נווה שרת הצנחנים 2", "oid_thana": 115, "x": 185015.85999999999, "y": 669439.15000000002, "date_import": "22/01/2019 01:25:05", "tr_idkun": 1489536059000 }, "geometry": { "x": 34.839500006796989, "y": 32.117794560838149 } }, { "attributes": { "tachana_id": 207, "Shem_tachana": "המכללה להנדסאים", "free_bikes": null, "free_amudim": null, "Teur_tachana": "מכללה להנדסאים - קהילת קייב 3", "oid_thana": 116, "x": 183060.85000000001, "y": 669036.23999999999, "date_import": "22/01/2019 01:25:05", "tr_idkun": 1489536059000 }, "geometry": { "x": 34.81880002016927, "y": 32.114099841474761 } }, { "attributes": { "tachana_id": 208, "Shem_tachana": "מול פנחס רוזן 62", "free_bikes": null, "free_amudim": null, "Teur_tachana": "מול פנחס רוזן 62", "oid_thana": 117, "x": 183664.63, "y": 668967.42000000004, "date_import": "22/01/2019 01:25:05", "tr_idkun": 1489536059000 }, "geometry": { "x": 34.825199970694939, "y": 32.113498558739799 } }, { "attributes": { "tachana_id": 209, "Shem_tachana": "עתידים -דבורה הנביאה", "free_bikes": null, "free_amudim": null, "Teur_tachana": "עתידים - דבורה הנביאה", "oid_thana": 118, "x": 185184.42999999999, "y": 669050.39000000001, "date_import": "22/01/2019 01:25:05", "tr_idkun": 1489536059000 }, "geometry": { "x": 34.841300053537331, "y": 32.114293955483475 } }, { "attributes": { "tachana_id": 210, "Shem_tachana": "הדר יוסף - מרכז מסחרי", "free_bikes": null, "free_amudim": null, "Teur_tachana": "הדר יוסף 7 מרכז מסחרי", "oid_thana": 119, "x": 183068.42000000001, "y": 668515.02000000002, "date_import": "22/01/2019 01:25:05", "tr_idkun": 1489536059000 }, "geometry": { "x": 34.818899980107766, "y": 32.109399863825395 } }, { "attributes": { "tachana_id": 211, "Shem_tachana": "אסותא הברזל 23", "free_bikes": null, "free_amudim": null, "Teur_tachana": "אסותא הברזל 23", "oid_thana": 120, "x": 185003.12, "y": 668463.33999999997, "date_import": "22/01/2019 01:25:05", "tr_idkun": 1489536059000 }, "geometry": { "x": 34.839400028562125, "y": 32.108994561068791 } }, { "attributes": { "tachana_id": 212, "Shem_tachana": "הרוגי המלכות 6", "free_bikes": null, "free_amudim": null, "Teur_tachana": "הרוגי המלכות 6", "oid_thana": 121, "x": 184342.82000000001, "y": 668576.72999999998, "date_import": "22/01/2019 01:25:05", "tr_idkun": 1489536059000 }, "geometry": { "x": 34.832400016375097, "y": 32.109996728461475 } }, { "attributes": { "tachana_id": 213, "Shem_tachana": "שלום אש מרכז מסחרי", "free_bikes": null, "free_amudim": null, "Teur_tachana": "שלום אש מול בית 14", "oid_thana": 122, "x": 183293.95999999999, "y": 668236.93000000005, "date_import": "22/01/2019 01:25:05", "tr_idkun": 1489536059000 }, "geometry": { "x": 34.821300049801877, "y": 32.106899371899324 } }, { "attributes": { "tachana_id": 214, "Shem_tachana": "תל ברוך ביהס אלחריזי", "free_bikes": null, "free_amudim": null, "Teur_tachana": "תל ברוך ביהס אלחריזי", "oid_thana": 123, "x": 182505.47, "y": 669437.55000000005, "date_import": "22/01/2019 01:25:05", "tr_idkun": 1489536059000 }, "geometry": { "x": 34.81290001939243, "y": 32.117700687646568 } }, { "attributes": { "tachana_id": 215, "Shem_tachana": "רוקח מרכז הירידים", "free_bikes": null, "free_amudim": null, "Teur_tachana": "רוקח מרכז הירידים", "oid_thana": 124, "x": 182216.98999999999, "y": 667974.87, "date_import": "22/01/2019 01:25:05", "tr_idkun": 1489536059000 }, "geometry": { "x": 34.80990002105947, "y": 32.104501158143513 } }, { "attributes": { "tachana_id": 216, "Shem_tachana": "תחנת רכבת אונברסיטה", "free_bikes": null, "free_amudim": null, "Teur_tachana": "תחנת רכבת אונברסיטה", "oid_thana": 125, "x": 181763.39000000001, "y": 667832.42000000004, "date_import": "22/01/2019 01:25:05", "tr_idkun": 1489536059000 }, "geometry": { "x": 34.805099978239973, "y": 32.103201523693905 } }, { "attributes": { "tachana_id": 217, "Shem_tachana": "גבעת הפרחים", "free_bikes": null, "free_amudim": null, "Teur_tachana": "מרסל ינקו 7-גבעת הפרחים", "oid_thana": 126, "x": 183609.60999999999, "y": 669422.29000000004, "date_import": "22/01/2019 01:25:05", "tr_idkun": 1489536059000 }, "geometry": { "x": 34.824600022776828, "y": 32.117598707484454 } }, { "attributes": { "tachana_id": 218, "Shem_tachana": "ראול ולנברג פינת הברזל", "free_bikes": null, "free_amudim": null, "Teur_tachana": "ראול ולנברג פינת הברזל", "oid_thana": 127, "x": 184360.39999999999, "y": 668199.63, "date_import": "22/01/2019 01:25:05", "tr_idkun": 1489536059000 }, "geometry": { "x": 34.832600058522551, "y": 32.106596681740541 } }, { "attributes": { "tachana_id": 219, "Shem_tachana": "שיכון דן משמר הירדן 79", "free_bikes": null, "free_amudim": null, "Teur_tachana": "שיכון דן משמר הירדן 79", "oid_thana": 128, "x": 184362.92000000001, "y": 668931.51000000001, "date_import": "22/01/2019 01:25:05", "tr_idkun": 1489536059000 }, "geometry": { "x": 34.832600011828035, "y": 32.113196669648396 } }, { "attributes": { "tachana_id": 220, "Shem_tachana": "קדש ברנע מול בית 9", "free_bikes": null, "free_amudim": null, "Teur_tachana": "קדש ברנע מול בית 9", "oid_thana": 129, "x": 182663.5, "y": 668771.59999999998, "date_import": "22/01/2019 01:25:05", "tr_idkun": 1489536059000 }, "geometry": { "x": 34.814600019896837, "y": 32.111700501309898 } }, { "attributes": { "tachana_id": 230, "Shem_tachana": "כיכר הברזל פינת הארד", "free_bikes": null, "free_amudim": null, "Teur_tachana": "הברזל 33", "oid_thana": 130, "x": 185230.28, "y": 668651, "date_import": "22/01/2019 01:25:05", "tr_idkun": 1489536059000 }, "geometry": { "x": 34.84180009797911, "y": 32.110693746791142 } }, { "attributes": { "tachana_id": 231, "Shem_tachana": "ראול ולנברג פינת הנחושת", "free_bikes": null, "free_amudim": null, "Teur_tachana": "ראול ולנברג 20", "oid_thana": 131, "x": 184843.26999999999, "y": 668641.38, "date_import": "22/01/2019 01:25:05", "tr_idkun": 1489536059000 }, "geometry": { "x": 34.837700003051367, "y": 32.110595189648727 } }, { "attributes": { "tachana_id": 232, "Shem_tachana": "מרכז הספורט", "free_bikes": null, "free_amudim": null, "Teur_tachana": "מרכז הספורט הדר יוסף", "oid_thana": 132, "x": 183123.63, "y": 668115.59999999998, "date_import": "22/01/2019 01:25:05", "tr_idkun": 1489536059000 }, "geometry": { "x": 34.819500040485686, "y": 32.105799778175658 } }, { "attributes": { "tachana_id": 301, "Shem_tachana": "נמל תל אביב כיכר שלוותה", "free_bikes": null, "free_amudim": null, "Teur_tachana": "נמל תל אביב כיכר שלוותה", "oid_thana": 133, "x": 178996.64000000001, "y": 667554.56000000006, "date_import": "22/01/2019 01:25:05", "tr_idkun": 1489536059000 }, "geometry": { "x": 34.775800037837655, "y": 32.100600069485289 } }, { "attributes": { "tachana_id": 302, "Shem_tachana": "דיזנגוף 342", "free_bikes": null, "free_amudim": null, "Teur_tachana": "דיזנגוף 342", "oid_thana": 134, "x": 179013.98000000001, "y": 667166.38, "date_import": "22/01/2019 01:25:05", "tr_idkun": 1489536059000 }, "geometry": { "x": 34.776000075485882, "y": 32.097100199609635 } }, { "attributes": { "tachana_id": 303, "Shem_tachana": "אוסישקין 48", "free_bikes": null, "free_amudim": null, "Teur_tachana": "אושיסקין 46-48", "oid_thana": 135, "x": 179220.89999999999, "y": 666977.07999999996, "date_import": "22/01/2019 01:25:05", "tr_idkun": 1489536059000 }, "geometry": { "x": 34.778200015535191, "y": 32.095400541799201 } }, { "attributes": { "tachana_id": 304, "Shem_tachana": "שדרות רוקח-חניון רידינג", "free_bikes": null, "free_amudim": null, "Teur_tachana": "שדרות רוקח חניון בית ההלוויות העירוני", "oid_thana": 136, "x": 179505.62, "y": 667364.12, "date_import": "22/01/2019 01:25:05", "tr_idkun": 1489536059000 }, "geometry": { "x": 34.781200060357548, "y": 32.098900868007568 } }, { "attributes": { "tachana_id": 305, "Shem_tachana": "שדרות רוקח - ספורטק", "free_bikes": null, "free_amudim": null, "Teur_tachana": "שדרות רוקח ספורטק בגינה", "oid_thana": 137, "x": 180251.28, "y": 667350.20999999996, "date_import": "22/01/2019 01:25:05", "tr_idkun": 1489536059000 }, "geometry": { "x": 34.78909996650961, "y": 32.098801576709839 } }, { "attributes": { "tachana_id": 306, "Shem_tachana": "אלוני ניסים 8", "free_bikes": null, "free_amudim": null, "Teur_tachana": "אלוני ניסים 8 בגינה - מרכז המסחרי", "oid_thana": 138, "x": 180992.67999999999, "y": 666205.21999999997, "date_import": "22/01/2019 01:25:05", "tr_idkun": 1489536059000 }, "geometry": { "x": 34.796999998610609, "y": 32.088501869874698 } }, { "attributes": { "tachana_id": 307, "Shem_tachana": "בני דן 56- גני יהושוע", "free_bikes": null, "free_amudim": null, "Teur_tachana": "בני דן 56", "oid_thana": 139, "x": 180410.69, "y": 667072.38, "date_import": "22/01/2019 01:25:05", "tr_idkun": 1489536059000 }, "geometry": { "x": 34.790800005300589, "y": 32.096301708908591 } }, { "attributes": { "tachana_id": 308, "Shem_tachana": "קוסובסקי 34 -גני יהושוע", "free_bikes": null, "free_amudim": null, "Teur_tachana": "קוסובסקי 34 -32 ממול בפארק יהושוע", "oid_thana": 140, "x": 181062.82000000001, "y": 667280.60999999999, "date_import": "22/01/2019 01:25:05", "tr_idkun": 1489536059000 }, "geometry": { "x": 34.797700002443541, "y": 32.098201838071489 } }, { "attributes": { "tachana_id": 309, "Shem_tachana": "יהודה מכבי 81", "free_bikes": null, "free_amudim": null, "Teur_tachana": "יהודה מכבי 79-81", "oid_thana": 141, "x": 180589.10999999999, "y": 666827.73999999999, "date_import": "22/01/2019 01:25:05", "tr_idkun": 1489536059000 }, "geometry": { "x": 34.792699984957487, "y": 32.094101769527434 } }, { "attributes": { "tachana_id": 310, "Shem_tachana": "ברנדיס 20", "free_bikes": null, "free_amudim": null, "Teur_tachana": "ברנדיס 20", "oid_thana": 142, "x": 180069.70999999999, "y": 666774.26000000001, "date_import": "22/01/2019 01:25:05", "tr_idkun": 1489536059000 }, "geometry": { "x": 34.787200066474711, "y": 32.093601500889548 } }, { "attributes": { "tachana_id": 311, "Shem_tachana": "אבן גבירול 182", "free_bikes": null, "free_amudim": null, "Teur_tachana": "אבן גבירול 180-182", "oid_thana": 143, "x": 179729.87, "y": 666775.54000000004, "date_import": "22/01/2019 01:25:05", "tr_idkun": 1489536059000 }, "geometry": { "x": 34.783600040687652, "y": 32.093601136600476 } }, { "attributes": { "tachana_id": 312, "Shem_tachana": "הנמל 12-מציצים", "free_bikes": null, "free_amudim": null, "Teur_tachana": "נמל תל אביב 12 - חוף מציצים", "oid_thana": 144, "x": 178701.41, "y": 666901.42000000004, "date_import": "22/01/2019 01:25:05", "tr_idkun": 1489536059000 }, "geometry": { "x": 34.772700093018535, "y": 32.094699627804694 } }, { "attributes": { "tachana_id": 313, "Shem_tachana": "דיזנגוף 280", "free_bikes": null, "free_amudim": null, "Teur_tachana": "דיזנגוף 280", "oid_thana": 145, "x": 179049.79999999999, "y": 666678.31000000006, "date_import": "22/01/2019 01:25:05", "tr_idkun": 1489536059000 }, "geometry": { "x": 34.776400056841261, "y": 32.092700209853341 } }, { "attributes": { "tachana_id": 314, "Shem_tachana": "נורדאו 101בשדרה", "free_bikes": null, "free_amudim": null, "Teur_tachana": "נורדאו 99-101 פינת אבן גבירול בשדרה", "oid_thana": 146, "x": 179634.64999999999, "y": 666565.20999999996, "date_import": "22/01/2019 01:25:05", "tr_idkun": 1489536059000 }, "geometry": { "x": 34.782600076493047, "y": 32.091701085408552 } }, { "attributes": { "tachana_id": 315, "Shem_tachana": "דה האז 30", "free_bikes": null, "free_amudim": null, "Teur_tachana": "דה האז 30", "oid_thana": 147, "x": 180002.59, "y": 666508.37, "date_import": "22/01/2019 01:25:05", "tr_idkun": 1489536059000 }, "geometry": { "x": 34.786499969133949, "y": 32.091201434986125 } }, { "attributes": { "tachana_id": 316, "Shem_tachana": "ויצמן 60 - בית החייל", "free_bikes": null, "free_amudim": null, "Teur_tachana": "ויצמן 60", "oid_thana": 148, "x": 180398.87, "y": 666451.43000000005, "date_import": "22/01/2019 01:25:05", "tr_idkun": 1489536059000 }, "geometry": { "x": 34.790700025089542, "y": 32.090701742999514 } }, { "attributes": { "tachana_id": 317, "Shem_tachana": "פנקס 69", "free_bikes": null, "free_amudim": null, "Teur_tachana": "פנקס 69 פינת נמיר", "oid_thana": 149, "x": 180757.85000000001, "y": 666516.59999999998, "date_import": "22/01/2019 01:25:05", "tr_idkun": 1489536059000 }, "geometry": { "x": 34.794500010810765, "y": 32.091301789138917 } }, { "attributes": { "tachana_id": 318, "Shem_tachana": "בן יהודה 192", "free_bikes": null, "free_amudim": null, "Teur_tachana": "בן יהודה 192 פינת זבוטינסקי", "oid_thana": 150, "x": 178802.76000000001, "y": 666280.03000000003, "date_import": "22/01/2019 01:25:05", "tr_idkun": 1489536059000 }, "geometry": { "x": 34.773800001376124, "y": 32.089099768002598 } }, { "attributes": { "tachana_id": 319, "Shem_tachana": "אבן גבירול 124", "free_bikes": null, "free_amudim": null, "Teur_tachana": "אבן גבירול 124", "oid_thana": 151, "x": 179594.79999999999, "y": 666033.07999999996, "date_import": "22/01/2019 01:25:05", "tr_idkun": 1489536059000 }, "geometry": { "x": 34.782200014320708, "y": 32.086901078670749 } }, { "attributes": { "tachana_id": 320, "Shem_tachana": "השלה 1 -מתחם בזל", "free_bikes": null, "free_amudim": null, "Teur_tachana": "השלה 1", "oid_thana": 152, "x": 179312.98000000001, "y": 666389, "date_import": "22/01/2019 01:25:05", "tr_idkun": 1489536059000 }, "geometry": { "x": 34.779200012552529, "y": 32.090100682694967 } }, { "attributes": { "tachana_id": 321, "Shem_tachana": "ה באייר 2- כיכר המדינה", "free_bikes": null, "free_amudim": null, "Teur_tachana": "ה באייר 2 פינת זבוטינסקי בכיכר", "oid_thana": 153, "x": 180180.07999999999, "y": 666019.77000000002, "date_import": "22/01/2019 01:25:05", "tr_idkun": 1489536059000 }, "geometry": { "x": 34.78840005992847, "y": 32.086801560198055 } }, { "attributes": { "tachana_id": 322, "Shem_tachana": "שדרות הציונות 1", "free_bikes": null, "free_amudim": null, "Teur_tachana": "שדרות הציונות 1", "oid_thana": 154, "x": 180585.85000000001, "y": 665973.88, "date_import": "22/01/2019 01:25:05", "tr_idkun": 1489536059000 }, "geometry": { "x": 34.792699978992403, "y": 32.086401775793696 } }, { "attributes": { "tachana_id": 323, "Shem_tachana": "תשח 2", "free_bikes": null, "free_amudim": null, "Teur_tachana": "תשח 2", "oid_thana": 155, "x": 180018.67999999999, "y": 665787.51000000001, "date_import": "22/01/2019 01:25:05", "tr_idkun": 1489536059000 }, "geometry": { "x": 34.786699980058842, "y": 32.084701476677324 } }, { "attributes": { "tachana_id": 324, "Shem_tachana": "אבן גבירול 106 -בית הדואר", "free_bikes": null, "free_amudim": null, "Teur_tachana": "אבן גבירול 106 - בית הדואר", "oid_thana": 156, "x": 179546.38, "y": 665722.76000000001, "date_import": "22/01/2019 01:25:05", "tr_idkun": 1489536059000 }, "geometry": { "x": 34.781700013189649, "y": 32.084100987424613 } }, { "attributes": { "tachana_id": 325, "Shem_tachana": "הלסינקי 3", "free_bikes": null, "free_amudim": null, "Teur_tachana": "הלסינקי 3", "oid_thana": 157, "x": 180499.70000000001, "y": 665663.70999999996, "date_import": "22/01/2019 01:25:05", "tr_idkun": 1489536059000 }, "geometry": { "x": 34.791800017652953, "y": 32.083601775000062 } }, { "attributes": { "tachana_id": 326, "Shem_tachana": "תחנת רכבת סבידור", "free_bikes": null, "free_amudim": null, "Teur_tachana": "תחנת רכבת סבידור", "oid_thana": 158, "x": 180952.85999999999, "y": 665662, "date_import": "22/01/2019 01:25:05", "tr_idkun": 1489536059000 }, "geometry": { "x": 34.796599957003473, "y": 32.083601894245888 } }, { "attributes": { "tachana_id": 328, "Shem_tachana": "בבלי פעמוני 2", "free_bikes": null, "free_amudim": null, "Teur_tachana": "שכונת בבלי פעמוני 2", "oid_thana": 159, "x": 181014.28, "y": 666925.93999999994, "date_import": "22/01/2019 01:25:05", "tr_idkun": 1489536059000 }, "geometry": { "x": 34.797199973142504, "y": 32.095001868086754 } }, { "attributes": { "tachana_id": 329, "Shem_tachana": "מלון קרלטון בטיילת", "free_bikes": null, "free_amudim": null, "Teur_tachana": "בטיילת ליד מלון קרלטון", "oid_thana": 160, "x": 178386.31, "y": 666015.46999999997, "date_import": "22/01/2019 01:25:05", "tr_idkun": 1489536059000 }, "geometry": { "x": 34.769400014546321, "y": 32.086698972830199 } }, { "attributes": { "tachana_id": 330, "Shem_tachana": "שדרות בן גוריון 68", "free_bikes": null, "free_amudim": null, "Teur_tachana": "שדרות בן גוריון 68", "oid_thana": 161, "x": 179130.45000000001, "y": 665591.26000000001, "date_import": "22/01/2019 01:25:05", "tr_idkun": 1489536059000 }, "geometry": { "x": 34.777299982330739, "y": 32.082900382268477 } }, { "attributes": { "tachana_id": 331, "Shem_tachana": "כיכר רבין", "free_bikes": null, "free_amudim": null, "Teur_tachana": "כיכר רבין מול אבן גבירול 76", "oid_thana": 162, "x": 179488.34, "y": 665368.12, "date_import": "22/01/2019 01:25:05", "tr_idkun": 1489536059000 }, "geometry": { "x": 34.781099991209871, "y": 32.080900886958041 } }, { "attributes": { "tachana_id": 332, "Shem_tachana": "דוד המלך 30", "free_bikes": null, "free_amudim": null, "Teur_tachana": "דוד המלך 30 מול הרבנות", "oid_thana": 163, "x": 179865.56, "y": 665255.81000000006, "date_import": "22/01/2019 01:25:05", "tr_idkun": 1489536059000 }, "geometry": { "x": 34.785100005819601, "y": 32.07990138936723 } }, { "attributes": { "tachana_id": 333, "Shem_tachana": "ויצמן 15-איכילוב", "free_bikes": null, "free_amudim": null, "Teur_tachana": "ויצמן 15 - איכילוב", "oid_thana": 164, "x": 180205.92000000001, "y": 665376.5, "date_import": "22/01/2019 01:25:05", "tr_idkun": 1489536059000 }, "geometry": { "x": 34.788700024706316, "y": 32.081001618615353 } }, { "attributes": { "tachana_id": 334, "Shem_tachana": "בן יהודה 86", "free_bikes": null, "free_amudim": null, "Teur_tachana": "בן יהודה 86", "oid_thana": 165, "x": 178506.63, "y": 665416.18999999994, "date_import": "22/01/2019 01:25:05", "tr_idkun": 1489536059000 }, "geometry": { "x": 34.770700004752058, "y": 32.081299205226259 } }, { "attributes": { "tachana_id": 335, "Shem_tachana": "דיזנגוף 126", "free_bikes": null, "free_amudim": null, "Teur_tachana": "דיזנגוף 126 פינת גורדון", "oid_thana": 166, "x": 178808.79000000001, "y": 665426.14000000001, "date_import": "22/01/2019 01:25:05", "tr_idkun": 1489536059000 }, "geometry": { "x": 34.773899973660491, "y": 32.081399845627089 } }, { "attributes": { "tachana_id": 336, "Shem_tachana": "בן גוריון 55 -בשדרה", "free_bikes": null, "free_amudim": null, "Teur_tachana": "בן גוריון 55 פינת דיזנגוף", "oid_thana": 167, "x": 178913.88, "y": 665736.23999999999, "date_import": "22/01/2019 01:25:05", "tr_idkun": 1489536059000 }, "geometry": { "x": 34.77499998315885, "y": 32.084200018487202 } }, { "attributes": { "tachana_id": 337, "Shem_tachana": "ארלוזורוב 62", "free_bikes": null, "free_amudim": null, "Teur_tachana": "ארלוזורוב 62", "oid_thana": 168, "x": 179131.95000000001, "y": 665968.29000000004, "date_import": "22/01/2019 01:25:05", "tr_idkun": 1489536059000 }, "geometry": { "x": 34.777300058177765, "y": 32.086300388020803 } }, { "attributes": { "tachana_id": 341, "Shem_tachana": "הרברט סמואל 90", "free_bikes": null, "free_amudim": null, "Teur_tachana": "הרברט סמואל 90", "oid_thana": 169, "x": 178080.01999999999, "y": 664985.32999999996, "date_import": "22/01/2019 01:25:05", "tr_idkun": 1489536059000 }, "geometry": { "x": 34.766200016715999, "y": 32.077398284653789 } }, { "attributes": { "tachana_id": 342, "Shem_tachana": "שאול המלך 21 קאמרי", "free_bikes": null, "free_amudim": null, "Teur_tachana": "שאול המלך 21 קאמרי", "oid_thana": 170, "x": 179892.20000000001, "y": 664823.21999999997, "date_import": "22/01/2019 01:25:05", "tr_idkun": 1489536059000 }, "geometry": { "x": 34.78539995913755, "y": 32.076001337668444 } }, { "attributes": { "tachana_id": 344, "Shem_tachana": "נצח ישראל 4 פינת מסריק", "free_bikes": null, "free_amudim": null, "Teur_tachana": "נצח ישראל 4 פינת מסריק", "oid_thana": 171, "x": 179232.07000000001, "y": 665025.32999999996, "date_import": "22/01/2019 01:25:05", "tr_idkun": 1489536059000 }, "geometry": { "x": 34.778400001072342, "y": 32.077800601644064 } }, { "attributes": { "tachana_id": 345, "Shem_tachana": "ויצמן 1 - בית המשפט", "free_bikes": null, "free_amudim": null, "Teur_tachana": "ויצמן 1 בית המשפט", "oid_thana": 172, "x": 180175.92999999999, "y": 664944.13, "date_import": "22/01/2019 01:25:05", "tr_idkun": 1489536059000 }, "geometry": { "x": 34.788400038363974, "y": 32.0771015740998 } }, { "attributes": { "tachana_id": 346, "Shem_tachana": "אבן גבירול 28", "free_bikes": null, "free_amudim": null, "Teur_tachana": "אבן גבירול 28 לונדון מיניסטור", "oid_thana": 173, "x": 179561.26000000001, "y": 664702.48999999999, "date_import": "22/01/2019 01:25:05", "tr_idkun": 1489536059000 }, "geometry": { "x": 34.781899944831444, "y": 32.074900987757509 } }, { "attributes": { "tachana_id": 347, "Shem_tachana": "בוגרשוב 45 פינת פינסקר", "free_bikes": null, "free_amudim": null, "Teur_tachana": "בוגרשוב 46-45 פינת פינסקר", "oid_thana": 174, "x": 178570.35999999999, "y": 664828.21999999997, "date_import": "22/01/2019 01:25:05", "tr_idkun": 1489536059000 }, "geometry": { "x": 34.771400008460887, "y": 32.075999362292784 } }, { "attributes": { "tachana_id": 525, "Shem_tachana": "עזריאלי-בירידה לאיילון דרום", "free_bikes": null, "free_amudim": null, "Teur_tachana": "עזריאלי-בירידה לאיילון דרום", "oid_thana": 175, "x": 180551.81, "y": 664476.95999999996, "date_import": "22/01/2019 01:25:05", "tr_idkun": 1489536059000 }, "geometry": { "x": 34.792399969120218, "y": 32.072901756674405 } }, { "attributes": { "tachana_id": 526, "Shem_tachana": "לה גווארדיה 24", "free_bikes": null, "free_amudim": null, "Teur_tachana": "לה גווארדיה 24", "oid_thana": 176, "x": 180300.48000000001, "y": 662958.68999999994, "date_import": "22/01/2019 01:25:05", "tr_idkun": 1489536059000 }, "geometry": { "x": 34.789799964536073, "y": 32.059201674159191 } }, { "attributes": { "tachana_id": 530, "Shem_tachana": "הסינרמה", "free_bikes": null, "free_amudim": null, "Teur_tachana": "יצחק שדה 45", "oid_thana": 177, "x": 180491.64000000001, "y": 663556.78000000003, "date_import": "22/01/2019 01:25:05", "tr_idkun": 1489536059000 }, "geometry": { "x": 34.791799983006072, "y": 32.064601718506644 } }, { "attributes": { "tachana_id": 531, "Shem_tachana": "משה דיין 116", "free_bikes": null, "free_amudim": null, "Teur_tachana": "משה דיין 116", "oid_thana": 178, "x": 181162.63, "y": 663698.41000000003, "date_import": "22/01/2019 01:25:05", "tr_idkun": 1489536059000 }, "geometry": { "x": 34.798900005787978, "y": 32.065901838645999 } }, { "attributes": { "tachana_id": 532, "Shem_tachana": "יגאל אלון 157", "free_bikes": null, "free_amudim": null, "Teur_tachana": "יגאל אלון 157", "oid_thana": 179, "x": 181045.14000000001, "y": 665096.09999999998, "date_import": "22/01/2019 01:25:05", "tr_idkun": 1489536059000 }, "geometry": { "x": 34.79759998987457, "y": 32.078501890733456 } }, { "attributes": { "tachana_id": 533, "Shem_tachana": "לה גרדיה 60", "free_bikes": null, "free_amudim": null, "Teur_tachana": "לה גרדיה 60", "oid_thana": 180, "x": 181008.60999999999, "y": 662922.73999999999, "date_import": "22/01/2019 01:25:05", "tr_idkun": 1489536059000 }, "geometry": { "x": 34.797299921588035, "y": 32.058901789862929 } }, { "attributes": { "tachana_id": 534, "Shem_tachana": "הגבורה דרך השלום", "free_bikes": null, "free_amudim": null, "Teur_tachana": "הגבורה מול בית 25- תל אביב", "oid_thana": 181, "x": 181360.97, "y": 663708.75, "date_import": "22/01/2019 01:25:05", "tr_idkun": 1489536059000 }, "geometry": { "x": 34.801000010538047, "y": 32.066001785222696 } }, { "attributes": { "tachana_id": 536, "Shem_tachana": "השלום 16", "free_bikes": null, "free_amudim": null, "Teur_tachana": "השלום 16", "oid_thana": 182, "x": 181032.69, "y": 664297.71999999997, "date_import": "22/01/2019 01:25:05", "tr_idkun": 1489536059000 }, "geometry": { "x": 34.797500015686062, "y": 32.071301867866168 } }, { "attributes": { "tachana_id": 537, "Shem_tachana": "יגאל אלון דרך השלום", "free_bikes": null, "free_amudim": null, "Teur_tachana": "יגאל אלון מול 108 - תל אביב", "oid_thana": 183, "x": 180796.92999999999, "y": 664376.22999999998, "date_import": "22/01/2019 01:25:05", "tr_idkun": 1489536059000 }, "geometry": { "x": 34.795000025125354, "y": 32.072001810961495 } }, { "attributes": { "tachana_id": 601, "Shem_tachana": "כיכר נגה גבעתיים", "free_bikes": null, "free_amudim": null, "Teur_tachana": "כצנלסון 62-64 - גבעתיים", "oid_thana": 184, "x": 182120.04999999999, "y": 664703.91000000003, "date_import": "22/01/2019 01:25:05", "tr_idkun": 1489536059000 }, "geometry": { "x": 34.809000041854183, "y": 32.075001249635434 } }, { "attributes": { "tachana_id": 602, "Shem_tachana": "גן יפה גבעתיים", "free_bikes": null, "free_amudim": null, "Teur_tachana": "בורוכב 46 - גבעתיים", "oid_thana": 185, "x": 182121.67000000001, "y": 665147.46999999997, "date_import": "22/01/2019 01:25:05", "tr_idkun": 1489536059000 }, "geometry": { "x": 34.808999982990954, "y": 32.079001225261145 } }, { "attributes": { "tachana_id": 603, "Shem_tachana": "כיכר נוח גבעתיים", "free_bikes": null, "free_amudim": null, "Teur_tachana": "צומת כצנלסון/בלוך/סירקין - גבעתיים", "oid_thana": 186, "x": 182592.94, "y": 664923.91000000003, "date_import": "22/01/2019 01:25:05", "tr_idkun": 1489536059000 }, "geometry": { "x": 34.814000003716515, "y": 32.077000688926525 } }, { "attributes": { "tachana_id": 604, "Shem_tachana": "בי\"ס גורדון גבעתיים", "free_bikes": null, "free_amudim": null, "Teur_tachana": "רח' הכנסת פינת שנקין - גבעתיים", "oid_thana": 187, "x": 182402.89999999999, "y": 664591.94999999995, "date_import": "22/01/2019 01:25:05", "tr_idkun": 1489536059000 }, "geometry": { "x": 34.812000026892591, "y": 32.074000931121866 } }, { "attributes": { "tachana_id": 606, "Shem_tachana": "גן קושניר גבעתיים", "free_bikes": null, "free_amudim": null, "Teur_tachana": "בן צבי - גבעתיים", "oid_thana": 188, "x": 182588.92999999999, "y": 663815, "date_import": "22/01/2019 01:25:05", "tr_idkun": 1489536059000 }, "geometry": { "x": 34.81400002466097, "y": 32.067000648785104 } }, { "attributes": { "tachana_id": 607, "Shem_tachana": "קניון גבעתיים", "free_bikes": null, "free_amudim": null, "Teur_tachana": "דרך יצחק רבין פינת ויצמן - גבעתיים", "oid_thana": 189, "x": 182116.79000000001, "y": 663816.78000000003, "date_import": "22/01/2019 01:25:05", "tr_idkun": 1489536059000 }, "geometry": { "x": 34.808999942386201, "y": 32.067001199978783 } }, { "attributes": { "tachana_id": 608, "Shem_tachana": "גן כורזין גבעתיים", "free_bikes": null, "free_amudim": null, "Teur_tachana": "כורזין 8 - גבעתיים", "oid_thana": 190, "x": 182869.42000000001, "y": 663037.68999999994, "date_import": "22/01/2019 01:25:05", "tr_idkun": 1489536059000 }, "geometry": { "x": 34.816999991990095, "y": 32.060000139434123 } }, { "attributes": { "tachana_id": 609, "Shem_tachana": "כצנלסון גבעתיים- המעלות", "free_bikes": null, "free_amudim": null, "Teur_tachana": "כצנלסון 147 - גבעתיים", "oid_thana": 191, "x": 182969.81, "y": 664700.69999999995, "date_import": "22/01/2019 01:25:05", "tr_idkun": 1489536059000 }, "geometry": { "x": 34.81800000098935, "y": 32.075000064538074 } }, { "attributes": { "tachana_id": 611, "Shem_tachana": "וייצמן 57 גבעתיים", "free_bikes": null, "free_amudim": null, "Teur_tachana": "וייצמן 57 - גבעתיים", "oid_thana": 192, "x": 182118.01000000001, "y": 664149.44999999995, "date_import": "22/01/2019 01:25:05", "tr_idkun": 1489536059000 }, "geometry": { "x": 34.808999954254915, "y": 32.070001185882973 } }, { "attributes": { "tachana_id": 612, "Shem_tachana": "גן רבקה גבעתיים", "free_bikes": null, "free_amudim": null, "Teur_tachana": "סמטת צבייה בצמוד לגדר ביס אלון - גבעתיים", "oid_thana": 193, "x": 182493.29000000001, "y": 663482.68000000005, "date_import": "22/01/2019 01:25:05", "tr_idkun": 1489536059000 }, "geometry": { "x": 34.812999949460057, "y": 32.064000732600213 } }, { "attributes": { "tachana_id": 651, "Shem_tachana": "איצטדיון רמת-גן מול שער 16", "free_bikes": null, "free_amudim": null, "Teur_tachana": "איצטדיון רמת גן מול שער 16 - רמת גן", "oid_thana": 194, "x": 183687.38, "y": 667381.57999999996, "date_import": "22/01/2019 01:25:05", "tr_idkun": 1489536059000 }, "geometry": { "x": 34.82550007526757, "y": 32.099198578233676 } }, { "attributes": { "tachana_id": 652, "Shem_tachana": "דרך בן גוריון 2 פינת אבא הלל - רמת-גן", "free_bikes": null, "free_amudim": null, "Teur_tachana": "דרך בן גוריון 2 פינת אבא הלל - רמת-גן", "oid_thana": 195, "x": 183299.14000000001, "y": 667039.28000000003, "date_import": "22/01/2019 01:25:05", "tr_idkun": 1489536059000 }, "geometry": { "x": 34.821400004620571, "y": 32.096099431469042 } }, { "attributes": { "tachana_id": 653, "Shem_tachana": "רוקח מול 116 - רמת-גן", "free_bikes": null, "free_amudim": null, "Teur_tachana": "רוקח מול 116 - רמת גן", "oid_thana": 196, "x": 182657.13, "y": 667008.43999999994, "date_import": "22/01/2019 01:25:05", "tr_idkun": 1489536059000 }, "geometry": { "x": 34.814600071364232, "y": 32.095800578683971 } }, { "attributes": { "tachana_id": 654, "Shem_tachana": "אבא הלל מול 117 - רמת-גן", "free_bikes": null, "free_amudim": null, "Teur_tachana": "אבא הלל 117 - רמת גן", "oid_thana": 197, "x": 182693.48000000001, "y": 666620.18000000005, "date_import": "22/01/2019 01:25:05", "tr_idkun": 1489536059000 }, "geometry": { "x": 34.814999994331693, "y": 32.092300530518834 } }, { "attributes": { "tachana_id": 655, "Shem_tachana": "ביאליק 107 - רמת-גן", "free_bikes": null, "free_amudim": null, "Teur_tachana": "ביאליק 105-107 - רמת גן", "oid_thana": 198, "x": 181804.23000000001, "y": 666113.43999999994, "date_import": "22/01/2019 01:25:05", "tr_idkun": 1489536059000 }, "geometry": { "x": 34.805599997965025, "y": 32.087701572249593 } }, { "attributes": { "tachana_id": 656, "Shem_tachana": "ביאליק 145 - רמת-גן", "free_bikes": null, "free_amudim": null, "Teur_tachana": "ביאליק 145- רמת גן", "oid_thana": 199, "x": 181493.19, "y": 666247.68000000005, "date_import": "22/01/2019 01:25:05", "tr_idkun": 1489536059000 }, "geometry": { "x": 34.802300010485091, "y": 32.088901700898298 } }, { "attributes": { "tachana_id": 657, "Shem_tachana": "זיסמן 3 - רמת-גן", "free_bikes": null, "free_amudim": null, "Teur_tachana": "זיסמן 3 - רמת גן", "oid_thana": 200, "x": 181358.70000000001, "y": 665627.18999999994, "date_import": "22/01/2019 01:25:05", "tr_idkun": 1489536059000 }, "geometry": { "x": 34.800899996002158, "y": 32.083301748866603 } }, { "attributes": { "tachana_id": 658, "Shem_tachana": "זבוטינסקי 8 - רמת-גן", "free_bikes": null, "free_amudim": null, "Teur_tachana": "זבוטינסקי 8 רמת גן", "oid_thana": 201, "x": 181651.17000000001, "y": 665570.64000000001, "date_import": "22/01/2019 01:25:05", "tr_idkun": 1489536059000 }, "geometry": { "x": 34.80400005456714, "y": 32.082801622270267 } }, { "attributes": { "tachana_id": 659, "Shem_tachana": "זבוטינסקי 62 פינת ביאליק - רמת-גן", "free_bikes": null, "free_amudim": null, "Teur_tachana": "זבוטינסקי 62 פינת ביאליק - רמת-גן", "oid_thana": 202, "x": 182322.64999999999, "y": 665889.68999999994, "date_import": "22/01/2019 01:25:05", "tr_idkun": 1489536059000 }, "geometry": { "x": 34.81109999961668, "y": 32.085701015138191 } }, { "attributes": { "tachana_id": 660, "Shem_tachana": "כיכר רמבם - רמת-גן", "free_bikes": null, "free_amudim": null, "Teur_tachana": "כיכר רמבם - רמת גן", "oid_thana": 203, "x": 182690, "y": 665655.43000000005, "date_import": "22/01/2019 01:25:05", "tr_idkun": 1489536059000 }, "geometry": { "x": 34.815000026353573, "y": 32.083600532340562 } } ] }